Country,Location,LAT,LON,YEAR,Temp_Avg,Humidity_avg,Precipitation_total,Price_USD_avg
Brazil,Brazil_Espirito_Santo_Afonso,-20.0421,-40.9743,2000,21.96635989010989,79.9221978021978,1221.32,118.067579652453
Brazil,Brazil_Espirito_Santo_Afonso,-20.0421,-40.9743,2001,22.780616438356162,76.9064109589041,1121.09,72.35769353532963
Brazil,Brazil_Espirito_Santo_Afonso,-20.0421,-40.9743,2002,22.31923287671233,81.15391780821918,1295.21,70.57304118548562
Brazil,Brazil_Espirito_Santo_Afonso,-20.0421,-40.9743,2003,22.541657534246575,76.77860273972603,1022.98,81.90845545419572
Brazil,Brazil_Espirito_Santo_Afonso,-20.0421,-40.9743,2004,21.490669398907105,82.98398907103825,1597.41,100.5635896139714
Brazil,Brazil_Espirito_Santo_Afonso,-20.0421,-40.9743,2005,21.72878082191781,83.7553698630137,1486.17,141.7734013143632
Brazil,Brazil_Espirito_Santo_Afonso,-20.0421,-40.9743,2006,22.07213698630137,78.59668493150686,1230.12,142.65802623060983
Brazil,Brazil_Espirito_Santo_Afonso,-20.0421,-40.9743,2007,22.489616438356162,76.80106849315068,886.63,155.3673089621264
Brazil,Brazil_Espirito_Santo_Afonso,-20.0421,-40.9743,2008,22.44396174863388,77.25639344262295,1281.06,174.61901225399788
Brazil,Brazil_Espirito_Santo_Afonso,-20.0421,-40.9743,2009,22.314602739726027,81.69512328767124,1379.19,165.59558331718424
Brazil,Brazil_Espirito_Santo_Afonso,-20.0421,-40.9743,2010,22.54519178082192,77.39578082191781,1252.04,216.2632911006744
Brazil,Brazil_Espirito_Santo_Afonso,-20.0421,-40.9743,2011,21.478602739726025,81.22687671232877,1279.95,334.9610611343685
Brazil,Brazil_Espirito_Santo_Afonso,-20.0421,-40.9743,2012,22.528114754098365,77.6057650273224,928.98,231.1730312738058
Brazil,Brazil_Espirito_Santo_Afonso,-20.0421,-40.9743,2013,22.456808219178082,78.3028493150685,1452.43,166.62263243825544
Brazil,Brazil_Espirito_Santo_Afonso,-20.0421,-40.9743,2014,22.71456164383562,75.6846301369863,667.38,234.22089035314187
Brazil,Brazil_Espirito_Santo_Afonso,-20.0421,-40.9743,2015,24.22921917808219,71.81936986301369,677.66,175.46091035515687
Brazil,Brazil_Espirito_Santo_Afonso,-20.0421,-40.9743,2016,23.62403005464481,73.93587431693989,1048.24,179.9858085069116
Brazil,Brazil_Espirito_Santo_Afonso,-20.0421,-40.9743,2017,22.663027397260272,75.55090410958904,821.41,175.89978053747058
Brazil,Brazil_Espirito_Santo_Afonso,-20.0421,-40.9743,2018,22.761835616438354,78.65671232876713,1228.09,149.086144577658
Brazil,Brazil_Espirito_Santo_Afonso,-20.0421,-40.9743,2019,23.751821917808222,74.57416438356164,854.34,133.99587562494833
Brazil,Brazil_Espirito_Santo_Afonso,-20.0421,-40.9743,2020,22.62398907103825,79.30830601092896,1198.67,147.06744784057554
Brazil,Brazil_Espirito_Santo_Afonso,-20.0421,-40.9743,2021,23.027493150684933,75.14909589041095,986.01,222.792701555399
Brazil,Brazil_Espirito_Santo_Afonso,-20.0421,-40.9743,2022,22.943726027397258,75.30857534246576,957.38,283.6718312421424
Brazil,Brazil_Espirito_Santo_Afonso,-20.0421,-40.9743,2023,24.247424657534246,73.29416438356164,680.45,228.04699731234828
Brazil,Brazil_Espirito_Santo_Afonso,-20.0421,-40.9743,2024,24.821024590163937,71.61368852459016,755.56,311.2203129720131
Brazil,Brazil_Espirito_Santo_Afonso,-20.0421,-40.9743,2025,23.515736842105262,78.15347368421052,456.84000000000003,483.0933575181901
Brazil,Brazil_Espirito_Santo_Conceicao,-20.3633,-41.2502,2000,21.35583791208791,81.23587912087912,1312.19,118.067579652453
Brazil,Brazil_Espirito_Santo_Conceicao,-20.3633,-41.2502,2001,22.252808219178082,77.798,1131.43,72.35769353532963
Brazil,Brazil_Espirito_Santo_Conceicao,-20.3633,-41.2502,2002,22.103109589041097,80.64556164383562,1312.06,70.57304118548562
Brazil,Brazil_Espirito_Santo_Conceicao,-20.3633,-41.2502,2003,21.73527397260274,79.6943287671233,1197.51,81.90845545419572
Brazil,Brazil_Espirito_Santo_Conceicao,-20.3633,-41.2502,2004,20.916502732240435,84.25734972677596,1673.98,100.5635896139714
Brazil,Brazil_Espirito_Santo_Conceicao,-20.3633,-41.2502,2005,21.28804109589041,84.47953424657534,1508.21,141.7734013143632
Brazil,Brazil_Espirito_Santo_Conceicao,-20.3633,-41.2502,2006,21.56468493150685,79.48084931506848,1263.6,142.65802623060983
Brazil,Brazil_Espirito_Santo_Conceicao,-20.3633,-41.2502,2007,21.98717808219178,77.99224657534246,1023.77,155.3673089621264
Brazil,Brazil_Espirito_Santo_Conceicao,-20.3633,-41.2502,2008,21.805109289617487,78.75040983606557,1372.6299999999999,174.61901225399788
Brazil,Brazil_Espirito_Santo_Conceicao,-20.3633,-41.2502,2009,21.726301369863016,82.98704109589042,1424.54,165.59558331718424
Brazil,Brazil_Espirito_Santo_Conceicao,-20.3633,-41.2502,2010,21.948835616438355,78.67416438356165,1313.29,216.2632911006744
Brazil,Brazil_Espirito_Santo_Conceicao,-20.3633,-41.2502,2011,20.841027397260277,82.73556164383561,1362.56,334.9610611343685
Brazil,Brazil_Espirito_Santo_Conceicao,-20.3633,-41.2502,2012,21.933934426229506,79.04453551912569,1020.65,231.1730312738058
Brazil,Brazil_Espirito_Santo_Conceicao,-20.3633,-41.2502,2013,21.832643835616437,79.76654794520549,1384.66,166.62263243825544
Brazil,Brazil_Espirito_Santo_Conceicao,-20.3633,-41.2502,2014,22.379465753424657,75.51038356164383,673.27,234.22089035314187
Brazil,Brazil_Espirito_Santo_Conceicao,-20.3633,-41.2502,2015,23.62464383561644,73.1946301369863,750.33,175.46091035515687
Brazil,Brazil_Espirito_Santo_Conceicao,-20.3633,-41.2502,2016,22.986079234972678,75.44333333333333,1087.06,179.9858085069116
Brazil,Brazil_Espirito_Santo_Conceicao,-20.3633,-41.2502,2017,21.996917808219177,77.14427397260273,923.67,175.89978053747058
Brazil,Brazil_Espirito_Santo_Conceicao,-20.3633,-41.2502,2018,21.91091780821918,81.17315068493151,1340.69,149.086144577658
Brazil,Brazil_Espirito_Santo_Conceicao,-20.3633,-41.2502,2019,23.123273972602743,75.8614794520548,951.33,133.99587562494833
Brazil,Brazil_Espirito_Santo_Conceicao,-20.3633,-41.2502,2020,21.927254098360656,81.14409836065575,1312.85,147.06744784057554
Brazil,Brazil_Espirito_Santo_Conceicao,-20.3633,-41.2502,2021,22.34331506849315,77.13342465753425,1057.03,222.792701555399
Brazil,Brazil_Espirito_Santo_Conceicao,-20.3633,-41.2502,2022,22.343698630136984,76.65594520547944,970.14,283.6718312421424
Brazil,Brazil_Espirito_Santo_Conceicao,-20.3633,-41.2502,2023,23.596068493150685,74.95531506849315,729.43,228.04699731234828
Brazil,Brazil_Espirito_Santo_Conceicao,-20.3633,-41.2502,2024,24.240368852459017,72.86133879781421,782.05,311.2203129720131
Brazil,Brazil_Espirito_Santo_Conceicao,-20.3633,-41.2502,2025,23.051157894736843,78.97863157894737,465.51,483.0933575181901
Brazil,Brazil_Minas_Gerais_Aqua_Boa,-17.991,-42.3906,2000,22.292843406593406,75.94978021978022,1252.36,118.067579652453
Brazil,Brazil_Minas_Gerais_Aqua_Boa,-17.991,-42.3906,2001,23.201465753424657,70.13882191780822,943.43,72.35769353532963
Brazil,Brazil_Minas_Gerais_Aqua_Boa,-17.991,-42.3906,2002,22.676109589041097,75.6038904109589,1241.67,70.57304118548562
Brazil,Brazil_Minas_Gerais_Aqua_Boa,-17.991,-42.3906,2003,22.89464383561644,70.59095890410958,878.84,81.90845545419572
Brazil,Brazil_Minas_Gerais_Aqua_Boa,-17.991,-42.3906,2004,21.86882513661202,78.40560109289618,1384.11,100.5635896139714
Brazil,Brazil_Minas_Gerais_Aqua_Boa,-17.991,-42.3906,2005,22.495739726027395,77.00419178082191,1320.77,141.7734013143632
Brazil,Brazil_Minas_Gerais_Aqua_Boa,-17.991,-42.3906,2006,22.10045205479452,75.49698630136987,1446.72,142.65802623060983
Brazil,Brazil_Minas_Gerais_Aqua_Boa,-17.991,-42.3906,2007,22.860945205479453,70.32443835616438,648.72,155.3673089621264
Brazil,Brazil_Minas_Gerais_Aqua_Boa,-17.991,-42.3906,2008,22.985013661202185,70.07090163934427,1096.74,174.61901225399788
Brazil,Brazil_Minas_Gerais_Aqua_Boa,-17.991,-42.3906,2009,22.870356164383562,75.49695890410959,1165.79,165.59558331718424
Brazil,Brazil_Minas_Gerais_Aqua_Boa,-17.991,-42.3906,2010,23.251643835616438,70.37772602739726,906.75,216.2632911006744
Brazil,Brazil_Minas_Gerais_Aqua_Boa,-17.991,-42.3906,2011,22.376630136986304,73.3685205479452,1049.54,334.9610611343685
Brazil,Brazil_Minas_Gerais_Aqua_Boa,-17.991,-42.3906,2012,22.845000000000002,71.45953551912568,872.85,231.1730312738058
Brazil,Brazil_Minas_Gerais_Aqua_Boa,-17.991,-42.3906,2013,23.274027397260276,71.4445205479452,1335.14,166.62263243825544
Brazil,Brazil_Minas_Gerais_Aqua_Boa,-17.991,-42.3906,2014,22.84921917808219,71.09882191780822,669.5,234.22089035314187
Brazil,Brazil_Minas_Gerais_Aqua_Boa,-17.991,-42.3906,2015,24.490643835616435,65.22117808219178,661.5,175.46091035515687
Brazil,Brazil_Minas_Gerais_Aqua_Boa,-17.991,-42.3906,2016,23.818592896174863,68.88896174863388,1017.03,179.9858085069116
Brazil,Brazil_Minas_Gerais_Aqua_Boa,-17.991,-42.3906,2017,23.311424657534246,68.27287671232877,725.68,175.89978053747058
Brazil,Brazil_Minas_Gerais_Aqua_Boa,-17.991,-42.3906,2018,23.30694520547945,71.57876712328768,1072.11,149.086144577658
Brazil,Brazil_Minas_Gerais_Aqua_Boa,-17.991,-42.3906,2019,24.348835616438357,66.78627397260274,619.41,133.99587562494833
Brazil,Brazil_Minas_Gerais_Aqua_Boa,-17.991,-42.3906,2020,22.64454918032787,76.23030054644809,1212.23,147.06744784057554
Brazil,Brazil_Minas_Gerais_Aqua_Boa,-17.991,-42.3906,2021,23.25445205479452,69.46358904109589,1176.59,222.792701555399
Brazil,Brazil_Minas_Gerais_Aqua_Boa,-17.991,-42.3906,2022,22.951479452054798,70.07865753424657,905.54,283.6718312421424
Brazil,Brazil_Minas_Gerais_Aqua_Boa,-17.991,-42.3906,2023,24.66053424657534,65.5661095890411,585.27,228.04699731234828
Brazil,Brazil_Minas_Gerais_Aqua_Boa,-17.991,-42.3906,2024,24.55943989071038,66.92109289617486,825.41,311.2203129720131
Brazil,Brazil_Minas_Gerais_Aqua_Boa,-17.991,-42.3906,2025,24.366684210526316,68.63142105263158,257.43,483.0933575181901
Brazil,Brazil_Minas_Gerais_Manhuacu,-20.2579,-46.1628,2000,20.931250000000002,75.69475274725275,1414.05,118.067579652453
Brazil,Brazil_Minas_Gerais_Manhuacu,-20.2579,-46.1628,2001,21.74291780821918,69.80386301369863,1199.91,72.35769353532963
Brazil,Brazil_Minas_Gerais_Manhuacu,-20.2579,-46.1628,2002,21.950753424657535,71.92835616438356,1273.39,70.57304118548562
Brazil,Brazil_Minas_Gerais_Manhuacu,-20.2579,-46.1628,2003,21.05327397260274,74.28673972602739,1359.93,81.90845545419572
Brazil,Brazil_Minas_Gerais_Manhuacu,-20.2579,-46.1628,2004,20.586693989071037,77.46125683060109,1628.35,100.5635896139714
Brazil,Brazil_Minas_Gerais_Manhuacu,-20.2579,-46.1628,2005,21.20249315068493,75.86249315068494,1364.34,141.7734013143632
Brazil,Brazil_Minas_Gerais_Manhuacu,-20.2579,-46.1628,2006,21.22646575342466,73.11950684931506,1313.91,142.65802623060983
Brazil,Brazil_Minas_Gerais_Manhuacu,-20.2579,-46.1628,2007,21.582972602739726,70.22550684931507,1069.83,155.3673089621264
Brazil,Brazil_Minas_Gerais_Manhuacu,-20.2579,-46.1628,2008,20.992636612021858,75.2139344262295,1548.01,174.61901225399788
Brazil,Brazil_Minas_Gerais_Manhuacu,-20.2579,-46.1628,2009,21.275150684931507,79.21260273972602,1414.57,165.59558331718424
Brazil,Brazil_Minas_Gerais_Manhuacu,-20.2579,-46.1628,2010,21.696027397260274,69.81005479452054,1089.9,216.2632911006744
Brazil,Brazil_Minas_Gerais_Manhuacu,-20.2579,-46.1628,2011,21.10595890410959,74.36956164383561,1254.09,334.9610611343685
Brazil,Brazil_Minas_Gerais_Manhuacu,-20.2579,-46.1628,2012,21.69856557377049,71.24609289617486,1029.1,231.1730312738058
Brazil,Brazil_Minas_Gerais_Manhuacu,-20.2579,-46.1628,2013,21.439054794520548,73.90923287671232,1156.27,166.62263243825544
Brazil,Brazil_Minas_Gerais_Manhuacu,-20.2579,-46.1628,2014,22.718246575342466,62.69167123287671,739.88,234.22089035314187
Brazil,Brazil_Minas_Gerais_Manhuacu,-20.2579,-46.1628,2015,22.307575342465753,72.00619178082191,1244.85,175.46091035515687
Brazil,Brazil_Minas_Gerais_Manhuacu,-20.2579,-46.1628,2016,21.99704918032787,71.92491803278689,1125.3,179.9858085069116
Brazil,Brazil_Minas_Gerais_Manhuacu,-20.2579,-46.1628,2017,21.97960273972603,68.54142465753425,1053.92,175.89978053747058
Brazil,Brazil_Minas_Gerais_Manhuacu,-20.2579,-46.1628,2018,21.6847397260274,73.59197260273973,1321.84,149.086144577658
Brazil,Brazil_Minas_Gerais_Manhuacu,-20.2579,-46.1628,2019,22.34094520547945,71.46904109589042,1096.0,133.99587562494833
Brazil,Brazil_Minas_Gerais_Manhuacu,-20.2579,-46.1628,2020,22.332090163934428,70.48887978142076,1116.21,147.06744784057554
Brazil,Brazil_Minas_Gerais_Manhuacu,-20.2579,-46.1628,2021,22.183438356164384,66.1461095890411,1179.2,222.792701555399
Brazil,Brazil_Minas_Gerais_Manhuacu,-20.2579,-46.1628,2022,21.193972602739727,73.17731506849316,1474.07,283.6718312421424
Brazil,Brazil_Minas_Gerais_Manhuacu,-20.2579,-46.1628,2023,22.161068493150683,73.2265205479452,1395.79,228.04699731234828
Brazil,Brazil_Minas_Gerais_Manhuacu,-20.2579,-46.1628,2024,23.50744535519126,62.61256830601093,1042.33,311.2203129720131
Brazil,Brazil_Minas_Gerais_Manhuacu,-20.2579,-46.1628,2025,22.402131578947365,69.20573684210527,383.38,483.0933575181901
Brazil,Brazil_Minas_Gerais_Patrocinio,-18.9349,-46.9923,2000,20.969052197802196,75.54590659340658,1505.25,118.067579652453
Brazil,Brazil_Minas_Gerais_Patrocinio,-18.9349,-46.9923,2001,21.70423287671233,70.10997260273973,1367.99,72.35769353532963
Brazil,Brazil_Minas_Gerais_Patrocinio,-18.9349,-46.9923,2002,21.815068493150687,72.19945205479452,1232.84,70.57304118548562
Brazil,Brazil_Minas_Gerais_Patrocinio,-18.9349,-46.9923,2003,21.14372602739726,74.20016438356164,1409.05,81.90845545419572
Brazil,Brazil_Minas_Gerais_Patrocinio,-18.9349,-46.9923,2004,20.762581967213112,77.32434426229509,1629.47,100.5635896139714
Brazil,Brazil_Minas_Gerais_Patrocinio,-18.9349,-46.9923,2005,21.526698630136988,74.56153424657533,1330.57,141.7734013143632
Brazil,Brazil_Minas_Gerais_Patrocinio,-18.9349,-46.9923,2006,20.956698630136984,75.7326301369863,1383.78,142.65802623060983
Brazil,Brazil_Minas_Gerais_Patrocinio,-18.9349,-46.9923,2007,21.813109589041094,68.95753424657535,1046.13,155.3673089621264
Brazil,Brazil_Minas_Gerais_Patrocinio,-18.9349,-46.9923,2008,21.277431693989072,73.2298087431694,1452.89,174.61901225399788
Brazil,Brazil_Minas_Gerais_Patrocinio,-18.9349,-46.9923,2009,21.207465753424657,79.02153424657534,1455.11,165.59558331718424
Brazil,Brazil_Minas_Gerais_Patrocinio,-18.9349,-46.9923,2010,21.687342465753424,70.39339726027397,1141.98,216.2632911006744
Brazil,Brazil_Minas_Gerais_Patrocinio,-18.9349,-46.9923,2011,21.042876712328766,75.24594520547946,1450.35,334.9610611343685
Brazil,Brazil_Minas_Gerais_Patrocinio,-18.9349,-46.9923,2012,21.41587431693989,72.85628415300548,1090.42,231.1730312738058
Brazil,Brazil_Minas_Gerais_Patrocinio,-18.9349,-46.9923,2013,21.57868493150685,73.98123287671233,1246.86,166.62263243825544
Brazil,Brazil_Minas_Gerais_Patrocinio,-18.9349,-46.9923,2014,22.529849315068493,65.05164383561643,848.43,234.22089035314187
Brazil,Brazil_Minas_Gerais_Patrocinio,-18.9349,-46.9923,2015,22.773657534246578,69.07536986301369,999.94,175.46091035515687
Brazil,Brazil_Minas_Gerais_Patrocinio,-18.9349,-46.9923,2016,22.656229508196724,68.3937431693989,1125.07,179.9858085069116
Brazil,Brazil_Minas_Gerais_Patrocinio,-18.9349,-46.9923,2017,22.256150684931505,67.15841095890411,1034.55,175.89978053747058
Brazil,Brazil_Minas_Gerais_Patrocinio,-18.9349,-46.9923,2018,21.985794520547945,71.93542465753424,1380.49,149.086144577658
Brazil,Brazil_Minas_Gerais_Patrocinio,-18.9349,-46.9923,2019,22.25313698630137,71.83093150684931,1219.8899999999999,133.99587562494833
Brazil,Brazil_Minas_Gerais_Patrocinio,-18.9349,-46.9923,2020,22.17083333333333,72.1250819672131,1124.77,147.06744784057554
Brazil,Brazil_Minas_Gerais_Patrocinio,-18.9349,-46.9923,2021,22.818424657534248,62.934739726027395,965.49,222.792701555399
Brazil,Brazil_Minas_Gerais_Patrocinio,-18.9349,-46.9923,2022,21.491520547945203,70.80142465753424,1259.73,283.6718312421424
Brazil,Brazil_Minas_Gerais_Patrocinio,-18.9349,-46.9923,2023,22.897068493150687,67.79071232876713,1009.14,228.04699731234828
Brazil,Brazil_Minas_Gerais_Patrocinio,-18.9349,-46.9923,2024,23.797964480874317,61.04303278688525,998.24,311.2203129720131
Brazil,Brazil_Minas_Gerais_Patrocinio,-18.9349,-46.9923,2025,22.45413157894737,69.50242105263158,351.64,483.0933575181901
Brazil,Brazil_Minas_Gerais_Varginha,-21.55,-45.43,2000,20.502307692307692,76.73107142857143,1437.72,118.067579652453
Brazil,Brazil_Minas_Gerais_Varginha,-21.55,-45.43,2001,21.262561643835618,72.80024657534247,1209.47,72.35769353532963
Brazil,Brazil_Minas_Gerais_Varginha,-21.55,-45.43,2002,21.658561643835615,73.77673972602739,1211.67,70.57304118548562
Brazil,Brazil_Minas_Gerais_Varginha,-21.55,-45.43,2003,20.751068493150687,75.30824657534247,1322.48,81.90845545419572
Brazil,Brazil_Minas_Gerais_Varginha,-21.55,-45.43,2004,20.23346994535519,78.00131147540984,1538.31,100.5635896139714
Brazil,Brazil_Minas_Gerais_Varginha,-21.55,-45.43,2005,20.908150684931506,76.63564383561643,1317.56,141.7734013143632
Brazil,Brazil_Minas_Gerais_Varginha,-21.55,-45.43,2006,20.7883698630137,74.89169863013699,1381.97,142.65802623060983
Brazil,Brazil_Minas_Gerais_Varginha,-21.55,-45.43,2007,20.978739726027396,73.35208219178082,1216.88,155.3673089621264
Brazil,Brazil_Minas_Gerais_Varginha,-21.55,-45.43,2008,20.36717213114754,77.33117486338797,1538.26,174.61901225399788
Brazil,Brazil_Minas_Gerais_Varginha,-21.55,-45.43,2009,20.808232876712328,80.32849315068493,1544.95,165.59558331718424
Brazil,Brazil_Minas_Gerais_Varginha,-21.55,-45.43,2010,21.259068493150686,72.67734246575343,1065.37,216.2632911006744
Brazil,Brazil_Minas_Gerais_Varginha,-21.55,-45.43,2011,20.63880821917808,75.66602739726027,1288.97,334.9610611343685
Brazil,Brazil_Minas_Gerais_Varginha,-21.55,-45.43,2012,21.275368852459017,73.5726775956284,1146.88,231.1730312738058
Brazil,Brazil_Minas_Gerais_Varginha,-21.55,-45.43,2013,20.67664383561644,77.11394520547945,1321.26,166.62263243825544
Brazil,Brazil_Minas_Gerais_Varginha,-21.55,-45.43,2014,22.269616438356163,66.03167123287672,812.32,234.22089035314187
Brazil,Brazil_Minas_Gerais_Varginha,-21.55,-45.43,2015,22.262438356164385,72.24846575342465,1054.04,175.46091035515687
Brazil,Brazil_Minas_Gerais_Varginha,-21.55,-45.43,2016,21.450245901639345,74.2818306010929,1207.8799999999999,179.9858085069116
Brazil,Brazil_Minas_Gerais_Varginha,-21.55,-45.43,2017,21.680780821917807,70.00046575342465,991.6,175.89978053747058
Brazil,Brazil_Minas_Gerais_Varginha,-21.55,-45.43,2018,21.516150684931507,74.33635616438356,1240.51,149.086144577658
Brazil,Brazil_Minas_Gerais_Varginha,-21.55,-45.43,2019,21.99276712328767,72.4766301369863,1015.26,133.99587562494833
Brazil,Brazil_Minas_Gerais_Varginha,-21.55,-45.43,2020,21.773948087431695,73.1865300546448,1220.81,147.06744784057554
Brazil,Brazil_Minas_Gerais_Varginha,-21.55,-45.43,2021,21.37667123287671,70.38876712328768,1211.28,222.792701555399
Brazil,Brazil_Minas_Gerais_Varginha,-21.55,-45.43,2022,20.549287671232875,76.10501369863015,1474.74,283.6718312421424
Brazil,Brazil_Minas_Gerais_Varginha,-21.55,-45.43,2023,21.80513698630137,74.78471232876711,1241.05,228.04699731234828
Brazil,Brazil_Minas_Gerais_Varginha,-21.55,-45.43,2024,22.969166666666666,66.53770491803279,1029.42,311.2203129720131
Brazil,Brazil_Minas_Gerais_Varginha,-21.55,-45.43,2025,22.06481578947368,71.87221052631578,372.84,483.0933575181901
Brazil,Brazil_Sao_Paulo_Campinas,-22.7884,-47.0579,2000,20.610714285714288,77.06967032967033,1312.61,118.067579652453
Brazil,Brazil_Sao_Paulo_Campinas,-22.7884,-47.0579,2001,21.01468493150685,77.97701369863015,1374.89,72.35769353532963
Brazil,Brazil_Sao_Paulo_Campinas,-22.7884,-47.0579,2002,21.74886301369863,76.3882191780822,1255.32,70.57304118548562
Brazil,Brazil_Sao_Paulo_Campinas,-22.7884,-47.0579,2003,21.049698630136987,75.73808219178082,1219.68,81.90845545419572
Brazil,Brazil_Sao_Paulo_Campinas,-22.7884,-47.0579,2004,20.28353825136612,79.01715846994536,1437.36,100.5635896139714
Brazil,Brazil_Sao_Paulo_Campinas,-22.7884,-47.0579,2005,21.114315068493152,77.32383561643836,1457.35,141.7734013143632
Brazil,Brazil_Sao_Paulo_Campinas,-22.7884,-47.0579,2006,20.8113698630137,76.86468493150686,1390.35,142.65802623060983
Brazil,Brazil_Sao_Paulo_Campinas,-22.7884,-47.0579,2007,20.981739726027396,76.90235616438356,1316.71,155.3673089621264
Brazil,Brazil_Sao_Paulo_Campinas,-22.7884,-47.0579,2008,20.348647540983606,78.79196721311476,1498.7,174.61901225399788
Brazil,Brazil_Sao_Paulo_Campinas,-22.7884,-47.0579,2009,20.868301369863016,81.7284109589041,1683.93,165.59558331718424
Brazil,Brazil_Sao_Paulo_Campinas,-22.7884,-47.0579,2010,20.586287671232878,78.77101369863013,1361.68,216.2632911006744
Brazil,Brazil_Sao_Paulo_Campinas,-22.7884,-47.0579,2011,20.612054794520546,77.76545205479452,1350.1200000000001,334.9610611343685
Brazil,Brazil_Sao_Paulo_Campinas,-22.7884,-47.0579,2012,21.257540983606557,76.15601092896175,1413.99,231.1730312738058
Brazil,Brazil_Sao_Paulo_Campinas,-22.7884,-47.0579,2013,20.547424657534247,79.2994794520548,1299.8,166.62263243825544
Brazil,Brazil_Sao_Paulo_Campinas,-22.7884,-47.0579,2014,22.351301369863016,68.73323287671234,897.07,234.22089035314187
Brazil,Brazil_Sao_Paulo_Campinas,-22.7884,-47.0579,2015,21.870808219178084,77.0407397260274,1335.74,175.46091035515687
Brazil,Brazil_Sao_Paulo_Campinas,-22.7884,-47.0579,2016,21.12077868852459,77.61054644808743,1209.35,179.9858085069116
Brazil,Brazil_Sao_Paulo_Campinas,-22.7884,-47.0579,2017,21.201123287671233,76.57657534246576,1345.53,175.89978053747058
Brazil,Brazil_Sao_Paulo_Campinas,-22.7884,-47.0579,2018,21.85772602739726,73.57969863013699,1024.08,149.086144577658
Brazil,Brazil_Sao_Paulo_Campinas,-22.7884,-47.0579,2019,22.07958904109589,74.70375342465753,1253.77,133.99587562494833
Brazil,Brazil_Sao_Paulo_Campinas,-22.7884,-47.0579,2020,21.786598360655738,73.64172131147541,1116.4,147.06744784057554
Brazil,Brazil_Sao_Paulo_Campinas,-22.7884,-47.0579,2021,22.10386301369863,68.69375342465754,847.41,222.792701555399
Brazil,Brazil_Sao_Paulo_Campinas,-22.7884,-47.0579,2022,21.293890410958905,73.85476712328767,1167.2,283.6718312421424
Brazil,Brazil_Sao_Paulo_Campinas,-22.7884,-47.0579,2023,22.008410958904108,74.80783561643835,1154.45,228.04699731234828
Brazil,Brazil_Sao_Paulo_Campinas,-22.7884,-47.0579,2024,23.431420765027323,66.02193989071039,922.8,311.2203129720131
Brazil,Brazil_Sao_Paulo_Campinas,-22.7884,-47.0579,2025,22.354763157894734,73.24621052631579,388.95,483.0933575181901
Brazil,Brazil_Sao_Paulo_Sao_Jose,-20.5333,-47.5833,2000,22.245824175824175,72.48563186813188,1528.25,118.067579652453
Brazil,Brazil_Sao_Paulo_Sao_Jose,-20.5333,-47.5833,2001,22.861479452054795,68.14750684931506,1325.24,72.35769353532963
Brazil,Brazil_Sao_Paulo_Sao_Jose,-20.5333,-47.5833,2002,23.28517808219178,68.40860273972602,1408.75,70.57304118548562
Brazil,Brazil_Sao_Paulo_Sao_Jose,-20.5333,-47.5833,2003,22.206739726027397,72.34208219178082,1598.1599999999999,81.90845545419572
Brazil,Brazil_Sao_Paulo_Sao_Jose,-20.5333,-47.5833,2004,21.77185792349727,74.6607650273224,1720.76,100.5635896139714
Brazil,Brazil_Sao_Paulo_Sao_Jose,-20.5333,-47.5833,2005,22.478643835616438,72.97879452054794,1470.77,141.7734013143632
Brazil,Brazil_Sao_Paulo_Sao_Jose,-20.5333,-47.5833,2006,21.98478082191781,73.1651506849315,1691.3,142.65802623060983
Brazil,Brazil_Sao_Paulo_Sao_Jose,-20.5333,-47.5833,2007,22.883821917808216,68.08794520547944,1315.65,155.3673089621264
Brazil,Brazil_Sao_Paulo_Sao_Jose,-20.5333,-47.5833,2008,22.221325136612023,72.5425136612022,1559.3700000000001,174.61901225399788
Brazil,Brazil_Sao_Paulo_Sao_Jose,-20.5333,-47.5833,2009,22.143698630136985,78.21427397260274,1714.3799999999999,165.59558331718424
Brazil,Brazil_Sao_Paulo_Sao_Jose,-20.5333,-47.5833,2010,22.565972602739727,69.31317808219178,1287.87,216.2632911006744
Brazil,Brazil_Sao_Paulo_Sao_Jose,-20.5333,-47.5833,2011,22.048945205479452,73.49416438356164,1484.17,334.9610611343685
Brazil,Brazil_Sao_Paulo_Sao_Jose,-20.5333,-47.5833,2012,22.682322404371583,70.11516393442623,1250.14,231.1730312738058
Brazil,Brazil_Sao_Paulo_Sao_Jose,-20.5333,-47.5833,2013,22.314616438356165,73.46438356164384,1349.3799999999999,166.62263243825544
Brazil,Brazil_Sao_Paulo_Sao_Jose,-20.5333,-47.5833,2014,23.757657534246576,61.771232876712325,911.1899999999999,234.22089035314187
Brazil,Brazil_Sao_Paulo_Sao_Jose,-20.5333,-47.5833,2015,23.38649315068493,71.04254794520547,1359.1,175.46091035515687
Brazil,Brazil_Sao_Paulo_Sao_Jose,-20.5333,-47.5833,2016,22.865000000000002,71.02109289617486,1345.53,179.9858085069116
Brazil,Brazil_Sao_Paulo_Sao_Jose,-20.5333,-47.5833,2017,23.070150684931505,67.59309589041096,1244.06,175.89978053747058
Brazil,Brazil_Sao_Paulo_Sao_Jose,-20.5333,-47.5833,2018,22.748109589041096,72.0561095890411,1458.52,149.086144577658
Brazil,Brazil_Sao_Paulo_Sao_Jose,-20.5333,-47.5833,2019,23.41404109589041,69.8467397260274,1241.74,133.99587562494833
Brazil,Brazil_Sao_Paulo_Sao_Jose,-20.5333,-47.5833,2020,23.713456284153004,65.68928961748634,1060.75,147.06744784057554
Brazil,Brazil_Sao_Paulo_Sao_Jose,-20.5333,-47.5833,2021,23.590753424657535,60.93912328767123,1002.87,222.792701555399
Brazil,Brazil_Sao_Paulo_Sao_Jose,-20.5333,-47.5833,2022,22.887739726027398,66.69320547945206,1213.8,283.6718312421424
Brazil,Brazil_Sao_Paulo_Sao_Jose,-20.5333,-47.5833,2023,23.76461643835616,67.22589041095891,1147.08,228.04699731234828
Brazil,Brazil_Sao_Paulo_Sao_Jose,-20.5333,-47.5833,2024,24.935983606557375,58.43781420765028,1075.88,311.2203129720131
Brazil,Brazil_Sao_Paulo_Sao_Jose,-20.5333,-47.5833,2025,23.539684210526314,65.86394736842105,395.23,483.0933575181901
China,China_Puer,22.6555,100.9535,2000,18.909285714285716,83.49203296703297,1640.82,118.067579652453
China,China_Puer,22.6555,100.9535,2001,19.283136986301372,83.83832876712329,1908.47,72.35769353532963
China,China_Puer,22.6555,100.9535,2002,19.168876712328768,83.95838356164384,1703.93,70.57304118548562
China,China_Puer,22.6555,100.9535,2003,19.389164383561646,80.53164383561644,1310.57,81.90845545419572
China,China_Puer,22.6555,100.9535,2004,19.055983606557376,78.38666666666667,1447.78,100.5635896139714
China,China_Puer,22.6555,100.9535,2005,19.683616438356164,77.69468493150686,1439.2,141.7734013143632
China,China_Puer,22.6555,100.9535,2006,19.581753424657535,77.65279452054794,1454.19,142.65802623060983
China,China_Puer,22.6555,100.9535,2007,19.067630136986303,78.20517808219178,1488.15,155.3673089621264
China,China_Puer,22.6555,100.9535,2008,18.95476775956284,81.155,1624.2,174.61901225399788
China,China_Puer,22.6555,100.9535,2009,19.336657534246577,79.58808219178083,1397.3,165.59558331718424
China,China_Puer,22.6555,100.9535,2010,20.000452054794522,76.48386301369864,1446.6,216.2632911006744
China,China_Puer,22.6555,100.9535,2011,18.909342465753426,81.96227397260274,1500.37,334.9610611343685
China,China_Puer,22.6555,100.9535,2012,19.984535519125682,78.51065573770492,1368.48,231.1730312738058
China,China_Puer,22.6555,100.9535,2013,19.59213698630137,79.1241095890411,1627.57,166.62263243825544
China,China_Puer,22.6555,100.9535,2014,19.77231506849315,79.58005479452055,1363.1,234.22089035314187
China,China_Puer,22.6555,100.9535,2015,19.76984931506849,79.35712328767123,1571.5,175.46091035515687
China,China_Puer,22.6555,100.9535,2016,19.683251366120217,80.63729508196721,1519.65,179.9858085069116
China,China_Puer,22.6555,100.9535,2017,19.674986301369863,83.60586301369862,1829.16,175.89978053747058
China,China_Puer,22.6555,100.9535,2018,19.325068493150685,85.70298630136986,2055.62,149.086144577658
China,China_Puer,22.6555,100.9535,2019,20.206534246575345,80.23101369863014,1112.8,133.99587562494833
China,China_Puer,22.6555,100.9535,2020,20.42665300546448,77.89622950819673,1796.8799999999999,147.06744784057554
China,China_Puer,22.6555,100.9535,2021,19.554945205479452,83.38860273972602,1687.38,222.792701555399
China,China_Puer,22.6555,100.9535,2022,19.5546301369863,84.89605479452055,1848.31,283.6718312421424
China,China_Puer,22.6555,100.9535,2023,20.249219178082193,81.36580821917808,1302.32,228.04699731234828
China,China_Puer,22.6555,100.9535,2024,20.699890710382512,78.59308743169399,1735.6,311.2203129720131
China,China_Puer,22.6555,100.9535,2025,19.478815789473682,77.27115789473685,770.34,483.0933575181901
Colombia,Colombia_Andes,5.6959,-75.8469,2000,17.751785714285713,89.14145604395605,3925.43,118.067579652453
Colombia,Colombia_Andes,5.6959,-75.8469,2001,17.96182191780822,87.50230136986302,2961.13,72.35769353532963
Colombia,Colombia_Andes,5.6959,-75.8469,2002,18.21072602739726,87.14287671232877,2726.57,70.57304118548562
Colombia,Colombia_Andes,5.6959,-75.8469,2003,18.2652602739726,87.9895890410959,2522.79,81.90845545419572
Colombia,Colombia_Andes,5.6959,-75.8469,2004,18.164234972677594,86.77584699453551,1868.67,100.5635896139714
Colombia,Colombia_Andes,5.6959,-75.8469,2005,18.321397260273972,87.8078904109589,2156.82,141.7734013143632
Colombia,Colombia_Andes,5.6959,-75.8469,2006,18.103191780821916,87.69668493150685,2142.95,142.65802623060983
Colombia,Colombia_Andes,5.6959,-75.8469,2007,18.137328767123286,86.14904109589041,1362.34,155.3673089621264
Colombia,Colombia_Andes,5.6959,-75.8469,2008,18.522144808743167,82.53483606557377,1236.24,174.61901225399788
Colombia,Colombia_Andes,5.6959,-75.8469,2009,18.268520547945204,88.11857534246575,2151.28,165.59558331718424
Colombia,Colombia_Andes,5.6959,-75.8469,2010,18.38860273972603,88.44912328767123,2778.38,216.2632911006744
Colombia,Colombia_Andes,5.6959,-75.8469,2011,17.782931506849316,89.36684931506849,2921.69,334.9610611343685
Colombia,Colombia_Andes,5.6959,-75.8469,2012,17.982650273224042,88.73210382513662,2925.7,231.1730312738058
Colombia,Colombia_Andes,5.6959,-75.8469,2013,18.19358904109589,89.19967123287671,2976.39,166.62263243825544
Colombia,Colombia_Andes,5.6959,-75.8469,2014,18.26341095890411,88.59953424657535,2677.65,234.22089035314187
Colombia,Colombia_Andes,5.6959,-75.8469,2015,18.687424657534248,85.43293150684931,1465.65,175.46091035515687
Colombia,Colombia_Andes,5.6959,-75.8469,2016,19.010409836065573,86.01240437158471,1906.89,179.9858085069116
Colombia,Colombia_Andes,5.6959,-75.8469,2017,18.32772602739726,88.57260273972602,2357.42,175.89978053747058
Colombia,Colombia_Andes,5.6959,-75.8469,2018,18.156191780821917,88.42032876712328,2106.77,149.086144577658
Colombia,Colombia_Andes,5.6959,-75.8469,2019,18.69908219178082,87.55915068493151,2124.89,133.99587562494833
Colombia,Colombia_Andes,5.6959,-75.8469,2020,18.623524590163935,86.83210382513661,1701.72,147.06744784057554
Colombia,Colombia_Andes,5.6959,-75.8469,2021,18.954246575342466,83.26334246575342,1126.36,222.792701555399
Colombia,Colombia_Andes,5.6959,-75.8469,2022,18.083698630136986,89.20449315068493,2723.75,283.6718312421424
Colombia,Colombia_Andes,5.6959,-75.8469,2023,18.5903698630137,87.70169863013699,2047.74,228.04699731234828
Colombia,Colombia_Andes,5.6959,-75.8469,2024,19.30377049180328,87.02396174863388,2238.22,311.2203129720131
Colombia,Colombia_Andes,5.6959,-75.8469,2025,18.54021052631579,89.42515789473684,1745.23,483.0933575181901
Colombia,Colombia_Morelia,1.3799,-75.6736,2000,22.12851648351648,88.72972527472527,1692.18,118.067579652453
Colombia,Colombia_Morelia,1.3799,-75.6736,2001,23.936301369863013,78.59753424657534,971.43,72.35769353532963
Colombia,Colombia_Morelia,1.3799,-75.6736,2002,23.547863013698628,82.32391780821918,1214.01,70.57304118548562
Colombia,Colombia_Morelia,1.3799,-75.6736,2003,23.33608219178082,84.29298630136987,1445.83,81.90845545419572
Colombia,Colombia_Morelia,1.3799,-75.6736,2004,22.676366120218578,87.48461748633879,2012.33,100.5635896139714
Colombia,Colombia_Morelia,1.3799,-75.6736,2005,24.01031506849315,82.06693150684931,1173.84,141.7734013143632
Colombia,Colombia_Morelia,1.3799,-75.6736,2006,22.79057534246575,86.8785205479452,1649.6,142.65802623060983
Colombia,Colombia_Morelia,1.3799,-75.6736,2007,24.10387671232877,79.32312328767122,1066.91,155.3673089621264
Colombia,Colombia_Morelia,1.3799,-75.6736,2008,22.302855191256832,89.4648087431694,2229.86,174.61901225399788
Colombia,Colombia_Morelia,1.3799,-75.6736,2009,23.479849315068495,85.46323287671234,1094.61,165.59558331718424
Colombia,Colombia_Morelia,1.3799,-75.6736,2010,23.637753424657536,84.31745205479451,1508.15,216.2632911006744
Colombia,Colombia_Morelia,1.3799,-75.6736,2011,22.378808219178083,89.97347945205479,2000.74,334.9610611343685
Colombia,Colombia_Morelia,1.3799,-75.6736,2012,22.450150273224043,88.8391256830601,1476.49,231.1730312738058
Colombia,Colombia_Morelia,1.3799,-75.6736,2013,22.841082191780824,88.19342465753424,1409.17,166.62263243825544
Colombia,Colombia_Morelia,1.3799,-75.6736,2014,23.49523287671233,84.60909589041096,1274.31,234.22089035314187
Colombia,Colombia_Morelia,1.3799,-75.6736,2015,23.82813698630137,83.7431506849315,1080.78,175.46091035515687
Colombia,Colombia_Morelia,1.3799,-75.6736,2016,23.968852459016393,83.96510928961749,1322.81,179.9858085069116
Colombia,Colombia_Morelia,1.3799,-75.6736,2017,23.160520547945207,87.48778082191781,1683.92,175.89978053747058
Colombia,Colombia_Morelia,1.3799,-75.6736,2018,23.20254794520548,85.11879452054795,1309.66,149.086144577658
Colombia,Colombia_Morelia,1.3799,-75.6736,2019,23.469260273972605,86.056,1472.18,133.99587562494833
Colombia,Colombia_Morelia,1.3799,-75.6736,2020,24.236311475409835,81.99693989071038,1205.82,147.06744784057554
Colombia,Colombia_Morelia,1.3799,-75.6736,2021,22.678671232876713,89.81569863013699,2162.47,222.792701555399
Colombia,Colombia_Morelia,1.3799,-75.6736,2022,22.578465753424656,88.92931506849315,1744.82,283.6718312421424
Colombia,Colombia_Morelia,1.3799,-75.6736,2023,23.42076712328767,86.46394520547945,1499.55,228.04699731234828
Colombia,Colombia_Morelia,1.3799,-75.6736,2024,24.286215846994534,84.31792349726776,1429.96,311.2203129720131
Colombia,Colombia_Morelia,1.3799,-75.6736,2025,22.846105263157895,90.41273684210526,1953.87,483.0933575181901
Colombia,Colombia_Santuario,5.0608,-75.9548,2000,21.427541208791208,89.99417582417583,5133.65,118.067579652453
Colombia,Colombia_Santuario,5.0608,-75.9548,2001,21.929479452054796,88.16079452054794,3390.69,72.35769353532963
Colombia,Colombia_Santuario,5.0608,-75.9548,2002,22.290849315068492,87.5087397260274,2989.1,70.57304118548562
Colombia,Colombia_Santuario,5.0608,-75.9548,2003,22.117328767123286,88.91320547945206,2746.19,81.90845545419572
Colombia,Colombia_Santuario,5.0608,-75.9548,2004,22.144986338797814,87.68426229508196,1823.3,100.5635896139714
Colombia,Colombia_Santuario,5.0608,-75.9548,2005,22.006287671232876,89.09786301369863,2234.28,141.7734013143632
Colombia,Colombia_Santuario,5.0608,-75.9548,2006,21.956232876712328,88.81027397260274,2256.23,142.65802623060983
Colombia,Colombia_Santuario,5.0608,-75.9548,2007,21.989383561643837,87.66676712328767,1212.6,155.3673089621264
Colombia,Colombia_Santuario,5.0608,-75.9548,2008,21.623101092896174,87.90122950819672,1593.63,174.61901225399788
Colombia,Colombia_Santuario,5.0608,-75.9548,2009,21.943986301369865,89.20101369863013,2353.98,165.59558331718424
Colombia,Colombia_Santuario,5.0608,-75.9548,2010,21.814561643835614,90.16024657534246,2875.21,216.2632911006744
Colombia,Colombia_Santuario,5.0608,-75.9548,2011,21.365287671232878,90.29843835616438,2908.63,334.9610611343685
Colombia,Colombia_Santuario,5.0608,-75.9548,2012,21.632923497267758,89.65379781420765,3368.08,231.1730312738058
Colombia,Colombia_Santuario,5.0608,-75.9548,2013,21.763424657534244,90.38819178082193,3444.53,166.62263243825544
Colombia,Colombia_Santuario,5.0608,-75.9548,2014,21.987123287671235,89.44816438356165,3140.04,234.22089035314187
Colombia,Colombia_Santuario,5.0608,-75.9548,2015,22.472643835616438,87.74964383561644,2309.67,175.46091035515687
Colombia,Colombia_Santuario,5.0608,-75.9548,2016,22.275560109289618,89.47131147540983,2759.93,179.9858085069116
Colombia,Colombia_Santuario,5.0608,-75.9548,2017,21.85427397260274,90.17010958904109,3353.2599999999998,175.89978053747058
Colombia,Colombia_Santuario,5.0608,-75.9548,2018,21.98717808219178,89.33479452054794,3023.87,149.086144577658
Colombia,Colombia_Santuario,5.0608,-75.9548,2019,22.33927397260274,89.49057534246576,3115.08,133.99587562494833
Colombia,Colombia_Santuario,5.0608,-75.9548,2020,22.47321038251366,88.70196721311476,2644.73,147.06744784057554
Colombia,Colombia_Santuario,5.0608,-75.9548,2021,22.25904109589041,88.27712328767123,1534.64,222.792701555399
Colombia,Colombia_Santuario,5.0608,-75.9548,2022,21.725890410958904,90.54827397260274,3786.17,283.6718312421424
Colombia,Colombia_Santuario,5.0608,-75.9548,2023,22.708506849315068,88.14104109589042,3083.8,228.04699731234828
Colombia,Colombia_Santuario,5.0608,-75.9548,2024,23.001133879781417,88.83010928961748,3374.7599999999998,311.2203129720131
Colombia,Colombia_Santuario,5.0608,-75.9548,2025,22.073894736842107,90.49115789473684,2066.41,483.0933575181901
Colombia,Colombia_Timbio,2.3433,-76.696,2000,18.61190934065934,84.19101648351648,1167.2,118.067579652453
Colombia,Colombia_Timbio,2.3433,-76.696,2001,19.815520547945205,78.57057534246574,731.1899999999999,72.35769353532963
Colombia,Colombia_Timbio,2.3433,-76.696,2002,20.08732876712329,78.70668493150684,853.76,70.57304118548562
Colombia,Colombia_Timbio,2.3433,-76.696,2003,19.650054794520546,81.33131506849315,1025.06,81.90845545419572
Colombia,Colombia_Timbio,2.3433,-76.696,2004,19.42681693989071,81.52401639344262,1146.29,100.5635896139714
Colombia,Colombia_Timbio,2.3433,-76.696,2005,19.50972602739726,82.45043835616438,981.05,141.7734013143632
Colombia,Colombia_Timbio,2.3433,-76.696,2006,19.355739726027398,82.23950684931506,971.98,142.65802623060983
Colombia,Colombia_Timbio,2.3433,-76.696,2007,19.56978082191781,81.00652054794521,711.76,155.3673089621264
Colombia,Colombia_Timbio,2.3433,-76.696,2008,18.617786885245902,84.52445355191257,1271.72,174.61901225399788
Colombia,Colombia_Timbio,2.3433,-76.696,2009,19.857123287671232,80.2713698630137,560.16,165.59558331718424
Colombia,Colombia_Timbio,2.3433,-76.696,2010,19.583205479452054,82.38123287671233,1193.44,216.2632911006744
Colombia,Colombia_Timbio,2.3433,-76.696,2011,18.707835616438356,84.84019178082191,1354.72,334.9610611343685
Colombia,Colombia_Timbio,2.3433,-76.696,2012,18.986489071038253,83.11183060109289,943.95,231.1730312738058
Colombia,Colombia_Timbio,2.3433,-76.696,2013,19.514520547945207,82.48654794520547,890.04,166.62263243825544
Colombia,Colombia_Timbio,2.3433,-76.696,2014,19.626397260273972,82.03553424657535,1003.37,234.22089035314187
Colombia,Colombia_Timbio,2.3433,-76.696,2015,20.30976712328767,79.05446575342467,643.52,175.46091035515687
Colombia,Colombia_Timbio,2.3433,-76.696,2016,20.15438524590164,80.76696721311475,935.6899999999999,179.9858085069116
Colombia,Colombia_Timbio,2.3433,-76.696,2017,19.206452054794518,84.00580821917808,1234.6399999999999,175.89978053747058
Colombia,Colombia_Timbio,2.3433,-76.696,2018,19.480972602739726,82.18635616438357,977.46,149.086144577658
Colombia,Colombia_Timbio,2.3433,-76.696,2019,19.886342465753426,82.14547945205479,1162.74,133.99587562494833
Colombia,Colombia_Timbio,2.3433,-76.696,2020,19.906775956284154,82.23245901639345,853.17,147.06744784057554
Colombia,Colombia_Timbio,2.3433,-76.696,2021,19.306506849315067,84.04676712328767,1191.47,222.792701555399
Colombia,Colombia_Timbio,2.3433,-76.696,2022,19.059575342465752,84.49115068493151,1312.81,283.6718312421424
Colombia,Colombia_Timbio,2.3433,-76.696,2023,19.93617808219178,82.28142465753425,1196.34,228.04699731234828
Colombia,Colombia_Timbio,2.3433,-76.696,2024,20.31941256830601,82.70551912568307,1264.94,311.2203129720131
Colombia,Colombia_Timbio,2.3433,-76.696,2025,19.248,86.35584210526316,1278.48,483.0933575181901
Ethiopia,Ethiopia_Aleto1,6.5759,38.4061,2000,22.125054945054945,57.317554945054944,717.32,118.067579652453
Ethiopia,Ethiopia_Aleto1,6.5759,38.4061,2001,21.841027397260277,63.62317808219178,1056.42,72.35769353532963
Ethiopia,Ethiopia_Aleto1,6.5759,38.4061,2002,22.451095890410958,61.75578082191781,923.31,70.57304118548562
Ethiopia,Ethiopia_Aleto1,6.5759,38.4061,2003,22.615712328767124,59.78224657534247,840.5,81.90845545419572
Ethiopia,Ethiopia_Aleto1,6.5759,38.4061,2004,22.712773224043715,59.5953825136612,673.75,100.5635896139714
Ethiopia,Ethiopia_Aleto1,6.5759,38.4061,2005,22.114630136986303,61.03183561643835,950.29,141.7734013143632
Ethiopia,Ethiopia_Aleto1,6.5759,38.4061,2006,21.08476712328767,69.85665753424658,1665.11,142.65802623060983
Ethiopia,Ethiopia_Aleto1,6.5759,38.4061,2007,21.145630136986302,68.1054794520548,1531.14,155.3673089621264
Ethiopia,Ethiopia_Aleto1,6.5759,38.4061,2008,21.32766393442623,63.03713114754098,1268.06,174.61901225399788
Ethiopia,Ethiopia_Aleto1,6.5759,38.4061,2009,21.951027397260273,64.46676712328767,1255.78,165.59558331718424
Ethiopia,Ethiopia_Aleto1,6.5759,38.4061,2010,21.180671232876712,69.9213698630137,1602.44,216.2632911006744
Ethiopia,Ethiopia_Aleto1,6.5759,38.4061,2011,21.910082191780823,62.51290410958904,1040.52,334.9610611343685
Ethiopia,Ethiopia_Aleto1,6.5759,38.4061,2012,21.21775956284153,66.43928961748634,1657.51,231.1730312738058
Ethiopia,Ethiopia_Aleto1,6.5759,38.4061,2013,20.66176712328767,71.54564383561643,2012.49,166.62263243825544
Ethiopia,Ethiopia_Aleto1,6.5759,38.4061,2014,21.0293698630137,70.88786301369863,1593.19,234.22089035314187
Ethiopia,Ethiopia_Aleto1,6.5759,38.4061,2015,21.52795890410959,68.14235616438356,1808.01,175.46091035515687
Ethiopia,Ethiopia_Aleto1,6.5759,38.4061,2016,20.95658469945355,71.59087431693989,1825.56,179.9858085069116
Ethiopia,Ethiopia_Aleto1,6.5759,38.4061,2017,21.038438356164384,68.19687671232877,1926.38,175.89978053747058
Ethiopia,Ethiopia_Aleto1,6.5759,38.4061,2018,20.78158904109589,71.49471232876712,1793.1200000000001,149.086144577658
Ethiopia,Ethiopia_Aleto1,6.5759,38.4061,2019,21.93917808219178,66.90646575342465,1804.01,133.99587562494833
Ethiopia,Ethiopia_Aleto1,6.5759,38.4061,2020,20.666120218579234,75.02909836065574,2842.46,147.06744784057554
Ethiopia,Ethiopia_Aleto1,6.5759,38.4061,2021,20.77546575342466,70.52660273972603,2107.24,222.792701555399
Ethiopia,Ethiopia_Aleto1,6.5759,38.4061,2022,21.21421917808219,68.93879452054794,1762.6,283.6718312421424
Ethiopia,Ethiopia_Aleto1,6.5759,38.4061,2023,21.36649315068493,71.09438356164384,2147.15,228.04699731234828
Ethiopia,Ethiopia_Aleto1,6.5759,38.4061,2024,21.115013661202187,75.16803278688525,2300.94,311.2203129720131
Ethiopia,Ethiopia_Aleto1,6.5759,38.4061,2025,21.880973684210527,65.24242105263157,1025.01,483.0933575181901
Ethiopia,Ethiopia_Aleto2,6.8553,35.3337,2000,19.83581043956044,70.34107142857144,879.42,118.067579652453
Ethiopia,Ethiopia_Aleto2,6.8553,35.3337,2001,19.532232876712328,75.56991780821917,990.64,72.35769353532963
Ethiopia,Ethiopia_Aleto2,6.8553,35.3337,2002,19.83672602739726,73.58909589041096,1040.55,70.57304118548562
Ethiopia,Ethiopia_Aleto2,6.8553,35.3337,2003,20.663630136986303,69.68956164383562,784.61,81.90845545419572
Ethiopia,Ethiopia_Aleto2,6.8553,35.3337,2004,19.963551912568306,73.38898907103825,1045.91,100.5635896139714
Ethiopia,Ethiopia_Aleto2,6.8553,35.3337,2005,19.868520547945206,72.36997260273972,1053.0,141.7734013143632
Ethiopia,Ethiopia_Aleto2,6.8553,35.3337,2006,19.099287671232876,79.99501369863013,2064.17,142.65802623060983
Ethiopia,Ethiopia_Aleto2,6.8553,35.3337,2007,18.352273972602738,82.7577808219178,2036.8,155.3673089621264
Ethiopia,Ethiopia_Aleto2,6.8553,35.3337,2008,18.94551912568306,77.96013661202186,1401.17,174.61901225399788
Ethiopia,Ethiopia_Aleto2,6.8553,35.3337,2009,19.28045205479452,77.93402739726028,1511.5,165.59558331718424
Ethiopia,Ethiopia_Aleto2,6.8553,35.3337,2010,18.863438356164384,81.48646575342467,1621.37,216.2632911006744
Ethiopia,Ethiopia_Aleto2,6.8553,35.3337,2011,19.35272602739726,75.76090410958903,1162.44,334.9610611343685
Ethiopia,Ethiopia_Aleto2,6.8553,35.3337,2012,19.271010928961747,77.52262295081967,1611.04,231.1730312738058
Ethiopia,Ethiopia_Aleto2,6.8553,35.3337,2013,18.601780821917806,82.34972602739727,1902.29,166.62263243825544
Ethiopia,Ethiopia_Aleto2,6.8553,35.3337,2014,18.68105479452055,82.13468493150685,1961.85,234.22089035314187
Ethiopia,Ethiopia_Aleto2,6.8553,35.3337,2015,19.146630136986303,80.42742465753425,1670.85,175.46091035515687
Ethiopia,Ethiopia_Aleto2,6.8553,35.3337,2016,18.983415300546447,81.29964480874317,1835.85,179.9858085069116
Ethiopia,Ethiopia_Aleto2,6.8553,35.3337,2017,19.14939726027397,78.24210958904109,1812.41,175.89978053747058
Ethiopia,Ethiopia_Aleto2,6.8553,35.3337,2018,19.209630136986302,78.62016438356164,1413.2,149.086144577658
Ethiopia,Ethiopia_Aleto2,6.8553,35.3337,2019,19.68858904109589,79.8398904109589,1984.95,133.99587562494833
Ethiopia,Ethiopia_Aleto2,6.8553,35.3337,2020,18.589521857923497,85.01090163934427,2372.94,147.06744784057554
Ethiopia,Ethiopia_Aleto2,6.8553,35.3337,2021,18.910849315068493,81.03627397260274,1983.37,222.792701555399
Ethiopia,Ethiopia_Aleto2,6.8553,35.3337,2022,19.088465753424657,80.44180821917807,1550.6299999999999,283.6718312421424
Ethiopia,Ethiopia_Aleto2,6.8553,35.3337,2023,19.364246575342467,81.5973698630137,2134.27,228.04699731234828
Ethiopia,Ethiopia_Aleto2,6.8553,35.3337,2024,19.252554644808743,85.02428961748633,2419.27,311.2203129720131
Ethiopia,Ethiopia_Aleto2,6.8553,35.3337,2025,20.278684210526315,77.12531578947367,968.64,483.0933575181901
Ethiopia,Ethiopia_Bare,8.2428,35.2119,2000,22.462527472527473,71.51019230769231,1575.56,118.067579652453
Ethiopia,Ethiopia_Bare,8.2428,35.2119,2001,22.71886301369863,71.41413698630137,1335.45,72.35769353532963
Ethiopia,Ethiopia_Bare,8.2428,35.2119,2002,23.443890410958904,67.69649315068493,1315.99,70.57304118548562
Ethiopia,Ethiopia_Bare,8.2428,35.2119,2003,23.919205479452057,64.94501369863013,1226.3,81.90845545419572
Ethiopia,Ethiopia_Bare,8.2428,35.2119,2004,23.569535519125687,66.38868852459017,1233.22,100.5635896139714
Ethiopia,Ethiopia_Bare,8.2428,35.2119,2005,23.558931506849316,66.45802739726028,1352.04,141.7734013143632
Ethiopia,Ethiopia_Bare,8.2428,35.2119,2006,23.21150684931507,70.25,2090.68,142.65802623060983
Ethiopia,Ethiopia_Bare,8.2428,35.2119,2007,22.30158904109589,74.08945205479452,2013.81,155.3673089621264
Ethiopia,Ethiopia_Bare,8.2428,35.2119,2008,22.598743169398904,72.15803278688524,1801.65,174.61901225399788
Ethiopia,Ethiopia_Bare,8.2428,35.2119,2009,23.014109589041094,71.53449315068494,1607.2,165.59558331718424
Ethiopia,Ethiopia_Bare,8.2428,35.2119,2010,23.156986301369862,70.69219178082191,1869.48,216.2632911006744
Ethiopia,Ethiopia_Bare,8.2428,35.2119,2011,22.8447397260274,70.5146301369863,1436.38,334.9610611343685
Ethiopia,Ethiopia_Bare,8.2428,35.2119,2012,22.92224043715847,70.94128415300545,1823.65,231.1730312738058
Ethiopia,Ethiopia_Bare,8.2428,35.2119,2013,22.481931506849318,74.56915068493151,2027.59,166.62263243825544
Ethiopia,Ethiopia_Bare,8.2428,35.2119,2014,22.18271232876712,77.32038356164384,2074.95,234.22089035314187
Ethiopia,Ethiopia_Bare,8.2428,35.2119,2015,22.61650684931507,76.07668493150685,2895.99,175.46091035515687
Ethiopia,Ethiopia_Bare,8.2428,35.2119,2016,22.341598360655738,76.79642076502732,3041.28,179.9858085069116
Ethiopia,Ethiopia_Bare,8.2428,35.2119,2017,22.426246575342464,75.2192602739726,3431.78,175.89978053747058
Ethiopia,Ethiopia_Bare,8.2428,35.2119,2018,22.371876712328767,75.35232876712328,2659.29,149.086144577658
Ethiopia,Ethiopia_Bare,8.2428,35.2119,2019,22.557219178082192,77.37276712328767,2655.89,133.99587562494833
Ethiopia,Ethiopia_Bare,8.2428,35.2119,2020,21.98523224043716,79.14680327868852,3404.38,147.06744784057554
Ethiopia,Ethiopia_Bare,8.2428,35.2119,2021,22.059794520547946,77.51723287671233,3521.53,222.792701555399
Ethiopia,Ethiopia_Bare,8.2428,35.2119,2022,22.106876712328766,78.41698630136986,2701.99,283.6718312421424
Ethiopia,Ethiopia_Bare,8.2428,35.2119,2023,22.603369863013697,76.85446575342466,3374.13,228.04699731234828
Ethiopia,Ethiopia_Bare,8.2428,35.2119,2024,22.806844262295083,78.38961748633879,3079.67,311.2203129720131
Ethiopia,Ethiopia_Bare,8.2428,35.2119,2025,23.45434210526316,71.29805263157894,1058.8,483.0933575181901
Ethiopia,Ethiopia_Limu_Kosa,7.932,36.8249,2000,18.88236263736264,71.42741758241759,1524.2,118.067579652453
Ethiopia,Ethiopia_Limu_Kosa,7.932,36.8249,2001,19.17095890410959,74.00821917808219,1320.6,72.35769353532963
Ethiopia,Ethiopia_Limu_Kosa,7.932,36.8249,2002,19.929972602739724,70.12849315068493,1235.32,70.57304118548562
Ethiopia,Ethiopia_Limu_Kosa,7.932,36.8249,2003,20.309342465753424,65.69471232876712,1050.95,81.90845545419572
Ethiopia,Ethiopia_Limu_Kosa,7.932,36.8249,2004,20.131270491803278,67.074043715847,1058.4,100.5635896139714
Ethiopia,Ethiopia_Limu_Kosa,7.932,36.8249,2005,19.580876712328767,68.95005479452055,1261.38,141.7734013143632
Ethiopia,Ethiopia_Limu_Kosa,7.932,36.8249,2006,19.142794520547945,74.15561643835616,2114.78,142.65802623060983
Ethiopia,Ethiopia_Limu_Kosa,7.932,36.8249,2007,18.55054794520548,74.62175342465753,1961.69,155.3673089621264
Ethiopia,Ethiopia_Limu_Kosa,7.932,36.8249,2008,18.716775956284152,71.01882513661202,1721.13,174.61901225399788
Ethiopia,Ethiopia_Limu_Kosa,7.932,36.8249,2009,19.033739726027395,74.1627397260274,1698.15,165.59558331718424
Ethiopia,Ethiopia_Limu_Kosa,7.932,36.8249,2010,18.852561643835617,76.28394520547945,2095.27,216.2632911006744
Ethiopia,Ethiopia_Limu_Kosa,7.932,36.8249,2011,18.946794520547947,72.61315068493151,1351.8700000000001,334.9610611343685
Ethiopia,Ethiopia_Limu_Kosa,7.932,36.8249,2012,19.329849726775958,69.20535519125683,1522.27,231.1730312738058
Ethiopia,Ethiopia_Limu_Kosa,7.932,36.8249,2013,18.8063698630137,75.46408219178082,2367.86,166.62263243825544
Ethiopia,Ethiopia_Limu_Kosa,7.932,36.8249,2014,18.677054794520547,77.35471232876712,2392.43,234.22089035314187
Ethiopia,Ethiopia_Limu_Kosa,7.932,36.8249,2015,19.445273972602738,72.3173698630137,1709.53,175.46091035515687
Ethiopia,Ethiopia_Limu_Kosa,7.932,36.8249,2016,19.159918032786884,75.79535519125683,2235.57,179.9858085069116
Ethiopia,Ethiopia_Limu_Kosa,7.932,36.8249,2017,19.190465753424657,71.18931506849314,1824.28,175.89978053747058
Ethiopia,Ethiopia_Limu_Kosa,7.932,36.8249,2018,19.24949315068493,73.05147945205479,1589.8,149.086144577658
Ethiopia,Ethiopia_Limu_Kosa,7.932,36.8249,2019,19.625972602739726,73.05235616438357,1839.09,133.99587562494833
Ethiopia,Ethiopia_Limu_Kosa,7.932,36.8249,2020,19.09747267759563,75.56825136612022,2339.87,147.06744784057554
Ethiopia,Ethiopia_Limu_Kosa,7.932,36.8249,2021,19.15808219178082,72.62893150684931,1777.57,222.792701555399
Ethiopia,Ethiopia_Limu_Kosa,7.932,36.8249,2022,19.41549315068493,73.12745205479452,1650.82,283.6718312421424
Ethiopia,Ethiopia_Limu_Kosa,7.932,36.8249,2023,19.36286301369863,75.41641095890411,2439.4,228.04699731234828
Ethiopia,Ethiopia_Limu_Kosa,7.932,36.8249,2024,19.5196174863388,78.27172131147542,2160.97,311.2203129720131
Ethiopia,Ethiopia_Limu_Kosa,7.932,36.8249,2025,20.79021052631579,67.25315789473684,830.0600000000001,483.0933575181901
Guatemala,Guatemala_Huehuetenango,15.5633,-91.7718,2000,17.141813186813188,78.83532967032967,1353.74,118.067579652453
Guatemala,Guatemala_Huehuetenango,15.5633,-91.7718,2001,17.474561643835617,79.44553424657533,1455.1100000000001,72.35769353532963
Guatemala,Guatemala_Huehuetenango,15.5633,-91.7718,2002,17.66476712328767,79.6294794520548,1622.23,70.57304118548562
Guatemala,Guatemala_Huehuetenango,15.5633,-91.7718,2003,17.65468493150685,79.82635616438355,1447.2,81.90845545419572
Guatemala,Guatemala_Huehuetenango,15.5633,-91.7718,2004,17.52377049180328,80.70259562841531,1696.97,100.5635896139714
Guatemala,Guatemala_Huehuetenango,15.5633,-91.7718,2005,17.545191780821916,81.98276712328767,2421.85,141.7734013143632
Guatemala,Guatemala_Huehuetenango,15.5633,-91.7718,2006,17.47439726027397,81.67397260273972,1362.83,142.65802623060983
Guatemala,Guatemala_Huehuetenango,15.5633,-91.7718,2007,17.87941095890411,78.35882191780823,1271.6200000000001,155.3673089621264
Guatemala,Guatemala_Huehuetenango,15.5633,-91.7718,2008,17.40370218579235,79.96581967213115,1500.11,174.61901225399788
Guatemala,Guatemala_Huehuetenango,15.5633,-91.7718,2009,17.82915068493151,77.73887671232876,1077.18,165.59558331718424
Guatemala,Guatemala_Huehuetenango,15.5633,-91.7718,2010,17.81684931506849,78.6906301369863,1459.97,216.2632911006744
Guatemala,Guatemala_Huehuetenango,15.5633,-91.7718,2011,17.838671232876713,78.47539726027398,1202.86,334.9610611343685
Guatemala,Guatemala_Huehuetenango,15.5633,-91.7718,2012,17.612773224043714,79.56508196721312,1239.8,231.1730312738058
Guatemala,Guatemala_Huehuetenango,15.5633,-91.7718,2013,18.15545205479452,78.20383561643835,1400.28,166.62263243825544
Guatemala,Guatemala_Huehuetenango,15.5633,-91.7718,2014,17.73601369863014,80.8569315068493,1333.77,234.22089035314187
Guatemala,Guatemala_Huehuetenango,15.5633,-91.7718,2015,18.258164383561642,80.18863013698629,1683.57,175.46091035515687
Guatemala,Guatemala_Huehuetenango,15.5633,-91.7718,2016,18.100792349726778,80.49696721311476,1817.79,179.9858085069116
Guatemala,Guatemala_Huehuetenango,15.5633,-91.7718,2017,17.67113698630137,81.51517808219178,2310.59,175.89978053747058
Guatemala,Guatemala_Huehuetenango,15.5633,-91.7718,2018,17.58731506849315,81.18493150684931,2064.08,149.086144577658
Guatemala,Guatemala_Huehuetenango,15.5633,-91.7718,2019,18.233794520547946,80.03931506849315,2314.18,133.99587562494833
Guatemala,Guatemala_Huehuetenango,15.5633,-91.7718,2020,18.066161202185793,82.4535519125683,3025.02,147.06744784057554
Guatemala,Guatemala_Huehuetenango,15.5633,-91.7718,2021,17.691698630136987,83.54616438356165,2393.73,222.792701555399
Guatemala,Guatemala_Huehuetenango,15.5633,-91.7718,2022,17.609301369863015,83.17980821917808,2795.59,283.6718312421424
Guatemala,Guatemala_Huehuetenango,15.5633,-91.7718,2023,18.738917808219178,78.91446575342465,1811.68,228.04699731234828
Guatemala,Guatemala_Huehuetenango,15.5633,-91.7718,2024,19.032745901639345,79.20322404371585,2048.58,311.2203129720131
Guatemala,Guatemala_Huehuetenango,15.5633,-91.7718,2025,19.030342105263156,77.28568421052631,1124.46,483.0933575181901
Guatemala,Guatemala_Jalapa,14.7118,-89.9874,2000,21.506346153846156,79.44373626373627,1024.47,118.067579652453
Guatemala,Guatemala_Jalapa,14.7118,-89.9874,2001,22.259561643835617,76.55501369863015,911.23,72.35769353532963
Guatemala,Guatemala_Jalapa,14.7118,-89.9874,2002,22.58161643835616,76.15375342465754,1006.44,70.57304118548562
Guatemala,Guatemala_Jalapa,14.7118,-89.9874,2003,22.38858904109589,77.16323287671233,862.39,81.90845545419572
Guatemala,Guatemala_Jalapa,14.7118,-89.9874,2004,22.25639344262295,77.7531693989071,1191.43,100.5635896139714
Guatemala,Guatemala_Jalapa,14.7118,-89.9874,2005,22.18464383561644,79.33704109589041,1344.8,141.7734013143632
Guatemala,Guatemala_Jalapa,14.7118,-89.9874,2006,21.762342465753424,80.20452054794521,1119.0,142.65802623060983
Guatemala,Guatemala_Jalapa,14.7118,-89.9874,2007,21.976328767123288,79.31421917808218,1285.68,155.3673089621264
Guatemala,Guatemala_Jalapa,14.7118,-89.9874,2008,21.496762295081965,80.74387978142076,1436.24,174.61901225399788
Guatemala,Guatemala_Jalapa,14.7118,-89.9874,2009,21.80358904109589,79.72399999999999,1077.64,165.59558331718424
Guatemala,Guatemala_Jalapa,14.7118,-89.9874,2010,21.748342465753424,79.3958904109589,1329.3,216.2632911006744
Guatemala,Guatemala_Jalapa,14.7118,-89.9874,2011,21.849,78.8314794520548,1319.32,334.9610611343685
Guatemala,Guatemala_Jalapa,14.7118,-89.9874,2012,21.840013661202185,79.20073770491804,1024.0,231.1730312738058
Guatemala,Guatemala_Jalapa,14.7118,-89.9874,2013,22.355287671232876,78.53906849315068,1100.59,166.62263243825544
Guatemala,Guatemala_Jalapa,14.7118,-89.9874,2014,22.028013698630136,79.74849315068494,1295.02,234.22089035314187
Guatemala,Guatemala_Jalapa,14.7118,-89.9874,2015,22.354328767123288,79.88567123287672,1189.81,175.46091035515687
Guatemala,Guatemala_Jalapa,14.7118,-89.9874,2016,22.699535519125686,78.0927049180328,965.33,179.9858085069116
Guatemala,Guatemala_Jalapa,14.7118,-89.9874,2017,22.067342465753423,79.94517808219179,1275.46,175.89978053747058
Guatemala,Guatemala_Jalapa,14.7118,-89.9874,2018,21.919561643835618,79.97139726027397,1415.14,149.086144577658
Guatemala,Guatemala_Jalapa,14.7118,-89.9874,2019,22.575150684931508,79.06260273972602,1345.97,133.99587562494833
Guatemala,Guatemala_Jalapa,14.7118,-89.9874,2020,22.48580601092896,80.18617486338798,1634.71,147.06744784057554
Guatemala,Guatemala_Jalapa,14.7118,-89.9874,2021,21.854424657534246,82.46608219178081,1456.16,222.792701555399
Guatemala,Guatemala_Jalapa,14.7118,-89.9874,2022,21.767602739726026,82.61808219178081,1897.58,283.6718312421424
Guatemala,Guatemala_Jalapa,14.7118,-89.9874,2023,22.95857534246575,78.36980821917808,1243.94,228.04699731234828
Guatemala,Guatemala_Jalapa,14.7118,-89.9874,2024,23.437581967213116,77.85363387978143,1226.77,311.2203129720131
Guatemala,Guatemala_Jalapa,14.7118,-89.9874,2025,24.147710526315787,72.01921052631579,713.69,483.0933575181901
Guatemala,Guatemala_San_Marcos,15.113,-92.0892,2000,18.597994505494505,82.55368131868133,1721.45,118.067579652453
Guatemala,Guatemala_San_Marcos,15.113,-92.0892,2001,18.848835616438354,82.92276712328767,1739.25,72.35769353532963
Guatemala,Guatemala_San_Marcos,15.113,-92.0892,2002,19.176561643835615,82.28756164383562,2002.84,70.57304118548562
Guatemala,Guatemala_San_Marcos,15.113,-92.0892,2003,19.205424657534245,82.74065753424658,1847.64,81.90845545419572
Guatemala,Guatemala_San_Marcos,15.113,-92.0892,2004,19.119631147540982,83.22101092896175,2081.83,100.5635896139714
Guatemala,Guatemala_San_Marcos,15.113,-92.0892,2005,19.148,84.3531506849315,3032.75,141.7734013143632
Guatemala,Guatemala_San_Marcos,15.113,-92.0892,2006,19.137671232876713,84.04709589041096,1562.88,142.65802623060983
Guatemala,Guatemala_San_Marcos,15.113,-92.0892,2007,19.178479452054795,81.78734246575343,1431.33,155.3673089621264
Guatemala,Guatemala_San_Marcos,15.113,-92.0892,2008,18.84941256830601,83.02051912568305,1547.5,174.61901225399788
Guatemala,Guatemala_San_Marcos,15.113,-92.0892,2009,19.260246575342464,80.21950684931507,1102.92,165.59558331718424
Guatemala,Guatemala_San_Marcos,15.113,-92.0892,2010,19.419506849315066,80.79761643835617,1557.26,216.2632911006744
Guatemala,Guatemala_San_Marcos,15.113,-92.0892,2011,19.214945205479452,81.6008493150685,1337.44,334.9610611343685
Guatemala,Guatemala_San_Marcos,15.113,-92.0892,2012,19.10256830601093,82.19762295081968,1375.67,231.1730312738058
Guatemala,Guatemala_San_Marcos,15.113,-92.0892,2013,19.602698630136985,81.4696712328767,1537.73,166.62263243825544
Guatemala,Guatemala_San_Marcos,15.113,-92.0892,2014,19.225342465753425,83.95676712328768,1616.49,234.22089035314187
Guatemala,Guatemala_San_Marcos,15.113,-92.0892,2015,19.607342465753426,83.51394520547946,2140.31,175.46091035515687
Guatemala,Guatemala_San_Marcos,15.113,-92.0892,2016,19.57312841530055,84.13497267759563,2288.12,179.9858085069116
Guatemala,Guatemala_San_Marcos,15.113,-92.0892,2017,19.08715068493151,84.79189041095891,2769.2400000000002,175.89978053747058
Guatemala,Guatemala_San_Marcos,15.113,-92.0892,2018,18.98176712328767,84.1917808219178,2710.61,149.086144577658
Guatemala,Guatemala_San_Marcos,15.113,-92.0892,2019,19.57264383561644,83.91367123287672,2800.83,133.99587562494833
Guatemala,Guatemala_San_Marcos,15.113,-92.0892,2020,19.532909836065574,85.55486338797814,3759.21,147.06744784057554
Guatemala,Guatemala_San_Marcos,15.113,-92.0892,2021,19.23476712328767,86.35364383561644,2941.9900000000002,222.792701555399
Guatemala,Guatemala_San_Marcos,15.113,-92.0892,2022,19.11231506849315,86.02446575342466,3454.65,283.6718312421424
Guatemala,Guatemala_San_Marcos,15.113,-92.0892,2023,19.998506849315067,82.79394520547946,2085.62,228.04699731234828
Guatemala,Guatemala_San_Marcos,15.113,-92.0892,2024,20.31483606557377,83.74789617486338,2536.4,311.2203129720131
Guatemala,Guatemala_San_Marcos,15.113,-92.0892,2025,20.147921052631578,82.73573684210527,1593.75,483.0933575181901
Honduras,Honduras_Campamento,14.5579,-86.6347,2000,22.031085164835165,78.55324175824177,1396.42,118.067579652453
Honduras,Honduras_Campamento,14.5579,-86.6347,2001,23.705575342465753,70.14076712328767,623.91,72.35769353532963
Honduras,Honduras_Campamento,14.5579,-86.6347,2002,23.635616438356163,72.18167123287671,834.26,70.57304118548562
Honduras,Honduras_Campamento,14.5579,-86.6347,2003,23.52313698630137,74.56227397260274,1066.81,81.90845545419572
Honduras,Honduras_Campamento,14.5579,-86.6347,2004,23.48054644808743,73.40341530054646,829.0,100.5635896139714
Honduras,Honduras_Campamento,14.5579,-86.6347,2005,23.438068493150688,74.54410958904108,968.56,141.7734013143632
Honduras,Honduras_Campamento,14.5579,-86.6347,2006,23.764753424657535,71.13997260273973,793.98,142.65802623060983
Honduras,Honduras_Campamento,14.5579,-86.6347,2007,23.057424657534245,75.56512328767123,1091.35,155.3673089621264
Honduras,Honduras_Campamento,14.5579,-86.6347,2008,22.54561475409836,77.64502732240437,1390.8,174.61901225399788
Honduras,Honduras_Campamento,14.5579,-86.6347,2009,22.923027397260277,75.82408219178082,1030.89,165.59558331718424
Honduras,Honduras_Campamento,14.5579,-86.6347,2010,22.413260273972604,79.73852054794521,1469.11,216.2632911006744
Honduras,Honduras_Campamento,14.5579,-86.6347,2011,22.56768493150685,77.33156164383561,1279.1,334.9610611343685
Honduras,Honduras_Campamento,14.5579,-86.6347,2012,22.75120218579235,76.57398907103826,1125.35,231.1730312738058
Honduras,Honduras_Campamento,14.5579,-86.6347,2013,22.932917808219177,77.42898630136986,1289.27,166.62263243825544
Honduras,Honduras_Campamento,14.5579,-86.6347,2014,23.164328767123287,74.63575342465754,989.91,234.22089035314187
Honduras,Honduras_Campamento,14.5579,-86.6347,2015,23.498876712328766,74.71356164383562,977.36,175.46091035515687
Honduras,Honduras_Campamento,14.5579,-86.6347,2016,23.453551912568305,76.54879781420765,1109.61,179.9858085069116
Honduras,Honduras_Campamento,14.5579,-86.6347,2017,22.731328767123287,79.22734246575342,1354.27,175.89978053747058
Honduras,Honduras_Campamento,14.5579,-86.6347,2018,22.813438356164387,77.22821917808218,1044.91,149.086144577658
Honduras,Honduras_Campamento,14.5579,-86.6347,2019,24.253041095890413,70.72098630136986,798.36,133.99587562494833
Honduras,Honduras_Campamento,14.5579,-86.6347,2020,23.256051912568307,77.20300546448087,2153.17,147.06744784057554
Honduras,Honduras_Campamento,14.5579,-86.6347,2021,22.518575342465756,80.75482191780821,1323.18,222.792701555399
Honduras,Honduras_Campamento,14.5579,-86.6347,2022,22.72653424657534,79.46427397260274,1615.68,283.6718312421424
Honduras,Honduras_Campamento,14.5579,-86.6347,2023,23.470164383561645,77.12189041095891,1274.76,228.04699731234828
Honduras,Honduras_Campamento,14.5579,-86.6347,2024,23.893224043715847,78.00650273224043,1861.81,311.2203129720131
Honduras,Honduras_Campamento,14.5579,-86.6347,2025,22.254236842105264,83.47757894736841,949.25,483.0933575181901
Honduras,Honduras_Danli,13.9339,-86.2882,2000,23.07364010989011,75.52244505494505,1162.95,118.067579652453
Honduras,Honduras_Danli,13.9339,-86.2882,2001,24.66827397260274,67.59178082191781,508.06,72.35769353532963
Honduras,Honduras_Danli,13.9339,-86.2882,2002,24.180410958904112,72.55438356164383,910.36,70.57304118548562
Honduras,Honduras_Danli,13.9339,-86.2882,2003,24.578,71.71624657534247,837.51,81.90845545419572
Honduras,Honduras_Danli,13.9339,-86.2882,2004,24.299193989071036,71.90360655737705,803.92,100.5635896139714
Honduras,Honduras_Danli,13.9339,-86.2882,2005,24.18009589041096,73.86304109589041,956.54,141.7734013143632
Honduras,Honduras_Danli,13.9339,-86.2882,2006,24.68278082191781,69.14586301369863,657.89,142.65802623060983
Honduras,Honduras_Danli,13.9339,-86.2882,2007,23.947123287671236,74.17898630136986,1045.19,155.3673089621264
Honduras,Honduras_Danli,13.9339,-86.2882,2008,23.24382513661202,77.48852459016393,1364.84,174.61901225399788
Honduras,Honduras_Danli,13.9339,-86.2882,2009,23.66245205479452,75.58342465753425,996.8,165.59558331718424
Honduras,Honduras_Danli,13.9339,-86.2882,2010,23.133342465753426,79.37824657534247,1520.27,216.2632911006744
Honduras,Honduras_Danli,13.9339,-86.2882,2011,23.04095890410959,78.5373698630137,1322.09,334.9610611343685
Honduras,Honduras_Danli,13.9339,-86.2882,2012,23.438224043715845,76.50786885245903,1091.77,231.1730312738058
Honduras,Honduras_Danli,13.9339,-86.2882,2013,23.876876712328766,76.10567123287672,1160.04,166.62263243825544
Honduras,Honduras_Danli,13.9339,-86.2882,2014,23.988753424657535,73.65191780821918,922.11,234.22089035314187
Honduras,Honduras_Danli,13.9339,-86.2882,2015,24.402753424657533,73.48854794520548,887.78,175.46091035515687
Honduras,Honduras_Danli,13.9339,-86.2882,2016,24.11431693989071,76.5270218579235,1127.29,179.9858085069116
Honduras,Honduras_Danli,13.9339,-86.2882,2017,23.423260273972602,79.96523287671234,1325.02,175.89978053747058
Honduras,Honduras_Danli,13.9339,-86.2882,2018,23.443342465753425,78.04471232876712,1128.07,149.086144577658
Honduras,Honduras_Danli,13.9339,-86.2882,2019,24.849027397260276,70.51126027397261,761.03,133.99587562494833
Honduras,Honduras_Danli,13.9339,-86.2882,2020,24.029999999999998,76.73685792349727,1791.0,147.06744784057554
Honduras,Honduras_Danli,13.9339,-86.2882,2021,23.568027397260273,78.6818904109589,1060.39,222.792701555399
Honduras,Honduras_Danli,13.9339,-86.2882,2022,23.523630136986302,78.95295890410958,1392.55,283.6718312421424
Honduras,Honduras_Danli,13.9339,-86.2882,2023,24.33958904109589,76.45712328767122,1119.87,228.04699731234828
Honduras,Honduras_Danli,13.9339,-86.2882,2024,24.50434426229508,78.53251366120219,1791.59,311.2203129720131
Honduras,Honduras_Danli,13.9339,-86.2882,2025,22.93457894736842,84.04168421052631,1096.76,483.0933575181901
Honduras,Honduras_San_Jose,14.2203,-87.9285,2000,22.70563186813187,75.30895604395604,1298.5,118.067579652453
Honduras,Honduras_San_Jose,14.2203,-87.9285,2001,24.128890410958903,68.09205479452055,770.14,72.35769353532963
Honduras,Honduras_San_Jose,14.2203,-87.9285,2002,24.004753424657537,70.48550684931507,1143.6,70.57304118548562
Honduras,Honduras_San_Jose,14.2203,-87.9285,2003,24.019479452054796,72.10167123287671,1004.11,81.90845545419572
Honduras,Honduras_San_Jose,14.2203,-87.9285,2004,23.947336065573772,70.63838797814208,963.7,100.5635896139714
Honduras,Honduras_San_Jose,14.2203,-87.9285,2005,23.635191780821916,74.50013698630137,1170.81,141.7734013143632
Honduras,Honduras_San_Jose,14.2203,-87.9285,2006,23.726438356164383,71.95824657534246,992.36,142.65802623060983
Honduras,Honduras_San_Jose,14.2203,-87.9285,2007,23.39360273972603,73.85887671232877,1384.71,155.3673089621264
Honduras,Honduras_San_Jose,14.2203,-87.9285,2008,22.659945355191258,77.49680327868853,1679.01,174.61901225399788
Honduras,Honduras_San_Jose,14.2203,-87.9285,2009,23.077794520547947,74.69750684931508,1221.07,165.59558331718424
Honduras,Honduras_San_Jose,14.2203,-87.9285,2010,22.980849315068493,77.04454794520548,1620.93,216.2632911006744
Honduras,Honduras_San_Jose,14.2203,-87.9285,2011,22.812904109589038,76.43024657534247,1578.64,334.9610611343685
Honduras,Honduras_San_Jose,14.2203,-87.9285,2012,22.96516393442623,75.06035519125683,1261.96,231.1730312738058
Honduras,Honduras_San_Jose,14.2203,-87.9285,2013,23.585246575342467,74.10835616438357,1167.08,166.62263243825544
Honduras,Honduras_San_Jose,14.2203,-87.9285,2014,23.84619178082192,71.20101369863013,1111.44,234.22089035314187
Honduras,Honduras_San_Jose,14.2203,-87.9285,2015,24.420328767123287,69.71131506849315,1037.36,175.46091035515687
Honduras,Honduras_San_Jose,14.2203,-87.9285,2016,24.1499043715847,72.69928961748633,1027.86,179.9858085069116
Honduras,Honduras_San_Jose,14.2203,-87.9285,2017,23.41404109589041,75.31827397260274,1349.84,175.89978053747058
Honduras,Honduras_San_Jose,14.2203,-87.9285,2018,23.66419178082192,71.28487671232877,999.8100000000001,149.086144577658
Honduras,Honduras_San_Jose,14.2203,-87.9285,2019,24.450986301369866,70.57493150684931,1086.31,133.99587562494833
Honduras,Honduras_San_Jose,14.2203,-87.9285,2020,23.886024590163935,74.94054644808743,1565.95,147.06744784057554
Honduras,Honduras_San_Jose,14.2203,-87.9285,2021,22.578726027397263,81.46613698630136,2493.5,222.792701555399
Honduras,Honduras_San_Jose,14.2203,-87.9285,2022,22.498958904109593,81.38287671232877,2426.31,283.6718312421424
Honduras,Honduras_San_Jose,14.2203,-87.9285,2023,23.991383561643833,74.58736986301369,1399.88,228.04699731234828
Honduras,Honduras_San_Jose,14.2203,-87.9285,2024,24.07122950819672,77.79926229508196,1721.2,311.2203129720131
Honduras,Honduras_San_Jose,14.2203,-87.9285,2025,24.553157894736845,71.82194736842105,550.25,483.0933575181901
Mexico,Mexico_Chiapas,15.1764,-92.331,2000,26.287156593406593,76.7368131868132,2138.7,118.067579652453
Mexico,Mexico_Chiapas,15.1764,-92.331,2001,26.549082191780823,75.86397260273972,2132.78,72.35769353532963
Mexico,Mexico_Chiapas,15.1764,-92.331,2002,26.905575342465752,75.79701369863014,2302.96,70.57304118548562
Mexico,Mexico_Chiapas,15.1764,-92.331,2003,26.703630136986302,76.58065753424657,2512.08,81.90845545419572
Mexico,Mexico_Chiapas,15.1764,-92.331,2004,26.76814207650273,76.38590163934427,2223.69,100.5635896139714
Mexico,Mexico_Chiapas,15.1764,-92.331,2005,26.71190410958904,77.4811506849315,3339.89,141.7734013143632
Mexico,Mexico_Chiapas,15.1764,-92.331,2006,26.58223287671233,77.44358904109589,2416.83,142.65802623060983
Mexico,Mexico_Chiapas,15.1764,-92.331,2007,26.535753424657532,76.43509589041096,2303.18,155.3673089621264
Mexico,Mexico_Chiapas,15.1764,-92.331,2008,26.36489071038251,76.33754098360656,2244.56,174.61901225399788
Mexico,Mexico_Chiapas,15.1764,-92.331,2009,26.736068493150682,74.36315068493151,1756.92,165.59558331718424
Mexico,Mexico_Chiapas,15.1764,-92.331,2010,26.604917808219177,76.01660273972603,2447.02,216.2632911006744
Mexico,Mexico_Chiapas,15.1764,-92.331,2011,26.659808219178082,75.91205479452056,2414.58,334.9610611343685
Mexico,Mexico_Chiapas,15.1764,-92.331,2012,26.66564207650273,76.33322404371584,2381.78,231.1730312738058
Mexico,Mexico_Chiapas,15.1764,-92.331,2013,26.823739726027398,76.26043835616439,2402.9,166.62263243825544
Mexico,Mexico_Chiapas,15.1764,-92.331,2014,26.710150684931506,77.21698630136987,2527.33,234.22089035314187
Mexico,Mexico_Chiapas,15.1764,-92.331,2015,27.246164383561645,75.69169863013698,2292.73,175.46091035515687
Mexico,Mexico_Chiapas,15.1764,-92.331,2016,27.13474043715847,76.83707650273223,2966.89,179.9858085069116
Mexico,Mexico_Chiapas,15.1764,-92.331,2017,26.856109589041093,76.68167123287671,3497.57,175.89978053747058
Mexico,Mexico_Chiapas,15.1764,-92.331,2018,26.774493150684933,76.7131506849315,2998.08,149.086144577658
Mexico,Mexico_Chiapas,15.1764,-92.331,2019,27.30041095890411,76.32016438356165,2614.9,133.99587562494833
Mexico,Mexico_Chiapas,15.1764,-92.331,2020,27.091489071038254,77.93079234972677,3630.85,147.06744784057554
Mexico,Mexico_Chiapas,15.1764,-92.331,2021,26.825602739726026,78.30906849315069,2634.74,222.792701555399
Mexico,Mexico_Chiapas,15.1764,-92.331,2022,26.904452054794522,77.25416438356164,2813.77,283.6718312421424
Mexico,Mexico_Chiapas,15.1764,-92.331,2023,27.706904109589043,75.52309589041096,1908.47,228.04699731234828
Mexico,Mexico_Chiapas,15.1764,-92.331,2024,27.66620218579235,77.505956284153,2373.2,311.2203129720131
Mexico,Mexico_Chiapas,15.1764,-92.331,2025,27.675631578947367,74.3072105263158,1383.9,483.0933575181901
Peru,Peru_Jaen,-5.6981,-78.7938,2000,21.475274725274726,72.29310439560439,776.55,118.067579652453
Peru,Peru_Jaen,-5.6981,-78.7938,2001,22.24519178082192,70.37920547945205,590.47,72.35769353532963
Peru,Peru_Jaen,-5.6981,-78.7938,2002,22.51154794520548,69.95139726027396,558.62,70.57304118548562
Peru,Peru_Jaen,-5.6981,-78.7938,2003,22.738698630136987,69.55509589041095,474.83,81.90845545419572
Peru,Peru_Jaen,-5.6981,-78.7938,2004,22.825887978142074,67.97087431693988,465.03,100.5635896139714
Peru,Peru_Jaen,-5.6981,-78.7938,2005,23.920684931506848,60.61882191780822,164.21,141.7734013143632
Peru,Peru_Jaen,-5.6981,-78.7938,2006,23.517342465753423,63.081698630136984,257.59,142.65802623060983
Peru,Peru_Jaen,-5.6981,-78.7938,2007,23.031000000000002,66.11350684931507,495.35,155.3673089621264
Peru,Peru_Jaen,-5.6981,-78.7938,2008,22.36301912568306,69.06855191256831,573.75,174.61901225399788
Peru,Peru_Jaen,-5.6981,-78.7938,2009,23.04190410958904,67.95243835616438,426.18,165.59558331718424
Peru,Peru_Jaen,-5.6981,-78.7938,2010,23.686794520547945,63.93068493150685,277.86,216.2632911006744
Peru,Peru_Jaen,-5.6981,-78.7938,2011,22.35131506849315,69.33117808219178,611.01,334.9610611343685
Peru,Peru_Jaen,-5.6981,-78.7938,2012,22.10587431693989,71.86254098360655,677.18,231.1730312738058
Peru,Peru_Jaen,-5.6981,-78.7938,2013,22.703794520547945,69.86512328767124,526.31,166.62263243825544
Peru,Peru_Jaen,-5.6981,-78.7938,2014,22.898972602739725,68.76756164383562,434.95,234.22089035314187
Peru,Peru_Jaen,-5.6981,-78.7938,2015,23.176356164383563,69.5287397260274,448.67,175.46091035515687
Peru,Peru_Jaen,-5.6981,-78.7938,2016,23.745136612021856,67.01147540983607,396.5,179.9858085069116
Peru,Peru_Jaen,-5.6981,-78.7938,2017,22.84015068493151,70.31668493150686,549.53,175.89978053747058
Peru,Peru_Jaen,-5.6981,-78.7938,2018,22.721424657534246,69.58698630136986,452.46,149.086144577658
Peru,Peru_Jaen,-5.6981,-78.7938,2019,23.081452054794518,69.68405479452055,434.41,133.99587562494833
Peru,Peru_Jaen,-5.6981,-78.7938,2020,23.537882513661202,67.01887978142076,341.61,147.06744784057554
Peru,Peru_Jaen,-5.6981,-78.7938,2021,22.961164383561645,68.92824657534247,428.31,222.792701555399
Peru,Peru_Jaen,-5.6981,-78.7938,2022,23.14301369863014,66.19356164383562,387.15,283.6718312421424
Peru,Peru_Jaen,-5.6981,-78.7938,2023,23.72505479452055,66.60227397260275,450.06,228.04699731234828
Peru,Peru_Jaen,-5.6981,-78.7938,2024,24.51609289617486,63.60530054644809,269.86,311.2203129720131
Peru,Peru_Jaen,-5.6981,-78.7938,2025,22.343842105263157,73.86873684210526,365.06,483.0933575181901
